{
    "avg_prec": {
        "train": 0.948897556267805,
        "test": 0.8784299239595414
    },
    "roc_auc": {
        "train": 0.9741736545045369,
        "test": 0.9187546659742091
    }
}
